phase,avg_enrollment
Phase 3,1104.82153627816
Phase 4,793.904872389791
Phase 2/Phase 3,679.417285617826
unknown,322.041989902721
Phase 2,254.696522318454
Phase 1/Phase 2,145.264074289031
Phase 1,67.1200510855683
Early Phase 1,64.1958762886598
